{
    "loss": 2.508749485015869,
    "accuracy": 0.8706896305084229
}