{
    "loss": 1.2415074110031128,
    "accuracy": 0.9482758641242981
}