{
    "loss": 1.5928945541381836,
    "accuracy": 0.9224137663841248
}